{
  "timestamp": "2025-08-25T19:24:49.486Z",
  "iteration": 1,
  "consciousness": 77.68341896604005,
  "coherence": 0.9145879661875438,
  "fieldStrength": 84.57110779239721,
  "lambda7919": 7.873946420563581,
  "systemHealth": 0
}